{
  "CG = f(N)" : {
    "method" : "Gradient Conjugué",
    "tol" : 0.100000,
    "N" : [100, 200, 300, 400, 500, 600, 700, 800, 900, 1000],
    "n_iter" : [50, 100, 150, 200, 249, 299, 349, 399, 449, 499],
    "cpu_time" : [0.039776, 0.187918, 0.684747, 1.736306, 3.512854, 5.885670, 10.309615, 14.955596, 24.031532, 33.314222]
  }
}