omegastar,rho
1.560387921274774214e+00,5.603879212747746585e-01
